/content/keras-retinanet/images/00000330.jpg,161,1,290,77,pfe
/content/keras-retinanet/images/00000674.jpg,911,697,1336,932,pfe
/content/keras-retinanet/images/00000729.jpg,40,126,130,183,pfe
/content/keras-retinanet/images/00000433.jpg,109,130,432,277,pfe
/content/keras-retinanet/images/00000655.jpg,426,79,586,250,pfe
/content/keras-retinanet/images/00000665.jpg,80,92,105,110,pfe
/content/keras-retinanet/images/00000784.jpg,68,41,580,372,pfe
/content/keras-retinanet/images/00000698.jpg,141,137,211,178,pfe
/content/keras-retinanet/images/00000732.jpg,99,15,426,331,pfe
/content/keras-retinanet/images/00000286.jpg,47,48,764,473,pfe
/content/keras-retinanet/images/00000738.jpg,435,519,896,798,pfe
/content/keras-retinanet/images/00000724.jpg,350,106,474,159,pfe
/content/keras-retinanet/images/00000463.jpg,32,152,127,214,pfe
/content/keras-retinanet/images/00000533.jpg,233,156,289,196,pfe
/content/keras-retinanet/images/00000533.jpg,482,174,540,216,pfe
/content/keras-retinanet/images/00000303.jpg,38,529,93,564,pfe
/content/keras-retinanet/images/00000303.jpg,252,547,301,580,pfe
/content/keras-retinanet/images/00000303.jpg,481,524,533,560,pfe
/content/keras-retinanet/images/00000093.jpg,1433,220,3000,1538,pfe
/content/keras-retinanet/images/00000248.jpg,241,111,319,152,pfe
/content/keras-retinanet/images/00000256.jpg,585,276,691,341,pfe
/content/keras-retinanet/images/00000217.jpg,504,14,1265,700,pfe
/content/keras-retinanet/images/00000414.jpg,73,121,509,381,pfe
/content/keras-retinanet/images/00000797.jpg,66,173,197,270,pfe
/content/keras-retinanet/images/00000227.jpg,231,93,532,381,pfe
/content/keras-retinanet/images/00000054.jpg,38,26,588,316,pfe
/content/keras-retinanet/images/00000755.jpg,499,348,793,497,pfe
/content/keras-retinanet/images/00000374.jpg,150,206,275,283,pfe
/content/keras-retinanet/images/00000101.jpg,29,15,321,252,pfe
/content/keras-retinanet/images/00000331.jpg,90,124,550,375,pfe
/content/keras-retinanet/images/00000851.jpg,27,43,465,403,pfe
/content/keras-retinanet/images/00000131.jpg,70,104,737,496,pfe
/content/keras-retinanet/images/00000430.jpg,156,78,531,326,pfe
/content/keras-retinanet/images/00000728.jpg,371,247,613,401,pfe
/content/keras-retinanet/images/00000219.jpg,5,62,186,158,pfe
/content/keras-retinanet/images/00000197.jpg,94,2,274,212,pfe
/content/keras-retinanet/images/00000341.jpg,313,151,539,440,pfe
/content/keras-retinanet/images/00000818.jpg,219,90,426,354,pfe
/content/keras-retinanet/images/00000208.jpg,526,704,601,754,pfe
/content/keras-retinanet/images/00000208.jpg,895,675,933,701,pfe
/content/keras-retinanet/images/00000308.jpg,237,89,330,159,pfe
/content/keras-retinanet/images/00000147.jpg,69,1,270,189,pfe
/content/keras-retinanet/images/00000046.jpg,20,38,858,437,pfe
/content/keras-retinanet/images/00000702.jpg,69,14,344,187,pfe
/content/keras-retinanet/images/00000160.jpg,200,118,465,292,pfe
/content/keras-retinanet/images/00000233.jpg,433,154,551,304,pfe
/content/keras-retinanet/images/00000660.jpg,374,195,418,227,pfe
/content/keras-retinanet/images/00000718.jpg,20,110,108,164,pfe
/content/keras-retinanet/images/00000825.jpg,32,131,944,680,pfe
/content/keras-retinanet/images/00000657.jpg,406,262,556,349,pfe
/content/keras-retinanet/images/00000072.jpg,41,57,431,295,pfe
/content/keras-retinanet/images/00000754.jpg,880,195,1045,313,pfe
/content/keras-retinanet/images/00000189.jpg,2377,17,4668,1669,pfe
/content/keras-retinanet/images/00000373.jpg,12,76,297,268,pfe
/content/keras-retinanet/images/00000450.jpg,126,382,178,419,pfe
/content/keras-retinanet/images/00000450.jpg,433,401,483,437,pfe
/content/keras-retinanet/images/00000450.jpg,743,382,794,417,pfe
/content/keras-retinanet/images/00000011.jpg,114,204,171,242,pfe
/content/keras-retinanet/images/00000512.jpg,206,209,546,420,pfe
/content/keras-retinanet/images/00000685.jpg,71,121,145,165,pfe
/content/keras-retinanet/images/00000710.jpg,167,30,247,80,pfe
/content/keras-retinanet/images/00000095.jpg,44,7,713,514,pfe
/content/keras-retinanet/images/00000525.jpg,34,15,172,112,pfe
/content/keras-retinanet/images/00000792.jpg,307,277,924,658,pfe
/content/keras-retinanet/images/00000560.jpg,100,50,169,94,pfe
/content/keras-retinanet/images/00000431.jpg,256,19,411,283,pfe
/content/keras-retinanet/images/00000151.jpg,140,18,465,253,pfe
/content/keras-retinanet/images/00000241.jpg,582,37,662,87,pfe
/content/keras-retinanet/images/00000656.jpg,153,157,267,247,pfe
/content/keras-retinanet/images/00000656.jpg,56,255,147,332,pfe
/content/keras-retinanet/images/00000030.jpg,247,410,322,459,pfe
/content/keras-retinanet/images/00000030.jpg,582,417,662,464,pfe
/content/keras-retinanet/images/00000659.jpg,131,98,264,176,pfe
/content/keras-retinanet/images/00000659.jpg,129,376,254,460,pfe
/content/keras-retinanet/images/00000659.jpg,133,668,255,753,pfe
/content/keras-retinanet/images/00000034.jpg,207,533,281,569,pfe
/content/keras-retinanet/images/00000654.jpg,410,140,520,240,pfe
/content/keras-retinanet/images/00000193.jpg,252,508,305,541,pfe
/content/keras-retinanet/images/00000137.jpg,131,170,1483,1048,pfe
/content/keras-retinanet/images/00000311.jpg,92,48,123,98,pfe
/content/keras-retinanet/images/00000705.jpg,526,404,752,584,pfe
/content/keras-retinanet/images/00000678.jpg,446,347,715,505,pfe
/content/keras-retinanet/images/00000069.jpg,26,1,520,330,pfe
/content/keras-retinanet/images/00000206.jpg,162,204,1072,643,pfe
/content/keras-retinanet/images/00000292.jpg,93,48,124,98,pfe
/content/keras-retinanet/images/00000429.jpg,70,536,185,613,pfe
/content/keras-retinanet/images/00000429.jpg,466,299,557,360,pfe
/content/keras-retinanet/images/00000429.jpg,910,282,1000,343,pfe
/content/keras-retinanet/images/00000417.jpg,9,1,400,315,pfe
/content/keras-retinanet/images/00000025.jpg,20,94,235,221,pfe
/content/keras-retinanet/images/00000090.jpg,214,61,693,476,pfe
/content/keras-retinanet/images/00000679.jpg,320,22,374,49,pfe
/content/keras-retinanet/images/00000679.jpg,230,150,299,204,pfe
/content/keras-retinanet/images/00000801.jpg,34,19,607,334,pfe
/content/keras-retinanet/images/00000085.jpg,237,306,1622,1284,pfe
/content/keras-retinanet/images/00000209.jpg,99,199,244,271,pfe
/content/keras-retinanet/images/00000663.jpg,235,121,320,184,pfe
/content/keras-retinanet/images/00000704.jpg,9,17,229,191,pfe
/content/keras-retinanet/images/00000249.jpg,260,180,399,264,pfe
/content/keras-retinanet/images/00000194.jpg,52,511,99,539,pfe
/content/keras-retinanet/images/00000194.jpg,272,528,322,558,pfe
/content/keras-retinanet/images/00000194.jpg,504,509,552,543,pfe
/content/keras-retinanet/images/00000759.jpg,54,55,143,111,pfe
/content/keras-retinanet/images/00000063.jpg,193,49,2280,1725,pfe
/content/keras-retinanet/images/00000498.jpg,591,127,973,400,pfe
/content/keras-retinanet/images/00000280.jpg,67,58,480,241,pfe
/content/keras-retinanet/images/00000316.jpg,28,40,453,392,pfe
/content/keras-retinanet/images/00000672.jpg,449,347,704,500,pfe
/content/keras-retinanet/images/00000239.jpg,87,24,414,196,pfe
/content/keras-retinanet/images/00000005.jpg,1735,838,2105,1138,pfe
/content/keras-retinanet/images/00000716.jpg,1,73,445,285,pfe
/content/keras-retinanet/images/00000104.jpg,1034,571,2462,1567,pfe
/content/keras-retinanet/images/00000633.jpg,27,145,314,323,pfe
/content/keras-retinanet/images/00000048.jpg,48,3,762,451,pfe
/content/keras-retinanet/images/00000559.jpg,35,102,127,156,pfe
/content/keras-retinanet/images/00000559.jpg,22,234,124,288,pfe
/content/keras-retinanet/images/00000559.jpg,161,62,244,109,pfe
/content/keras-retinanet/images/00000559.jpg,558,150,596,182,pfe
/content/keras-retinanet/images/00000559.jpg,494,105,539,142,pfe
/content/keras-retinanet/images/00000559.jpg,572,226,614,263,pfe
/content/keras-retinanet/images/00000559.jpg,591,309,631,346,pfe
/content/keras-retinanet/images/00000820.jpg,144,110,225,162,pfe
/content/keras-retinanet/images/00000489.jpg,418,29,738,231,pfe
/content/keras-retinanet/images/00000772.jpg,7,11,967,354,pfe
/content/keras-retinanet/images/00000021.jpg,1109,719,3359,2191,pfe
/content/keras-retinanet/images/00000118.jpg,331,334,394,379,pfe
/content/keras-retinanet/images/00000788.jpg,9,22,287,209,pfe
/content/keras-retinanet/images/00000198.jpg,256,118,520,277,pfe
/content/keras-retinanet/images/00000007.jpg,133,179,228,238,pfe
/content/keras-retinanet/images/00000007.jpg,518,244,588,286,pfe
/content/keras-retinanet/images/00000044.jpg,164,213,391,341,pfe
/content/keras-retinanet/images/00000651.jpg,293,89,330,132,pfe
/content/keras-retinanet/images/00000043.jpg,53,120,107,156,pfe
/content/keras-retinanet/images/00000650.jpg,241,212,359,317,pfe
/content/keras-retinanet/images/00000476.jpg,3,133,203,255,pfe
/content/keras-retinanet/images/00000454.jpg,543,8,712,99,pfe
/content/keras-retinanet/images/00000662.jpg,117,426,159,458,pfe
/content/keras-retinanet/images/00000662.jpg,366,205,402,230,pfe
/content/keras-retinanet/images/00000662.jpg,207,96,242,131,pfe
/content/keras-retinanet/images/00000662.jpg,625,288,654,324,pfe
/content/keras-retinanet/images/00000696.jpg,422,516,889,787,pfe
/content/keras-retinanet/images/00000475.jpg,6,39,189,149,pfe
/content/keras-retinanet/images/00000008.jpg,842,109,941,174,pfe
/content/keras-retinanet/images/00000008.jpg,862,225,931,266,pfe
/content/keras-retinanet/images/00000714.jpg,93,46,123,99,pfe
/content/keras-retinanet/images/00000745.jpg,48,403,121,468,pfe
/content/keras-retinanet/images/00000207.jpg,56,101,347,322,pfe
/content/keras-retinanet/images/00000420.jpg,136,81,189,115,pfe
/content/keras-retinanet/images/00000348.jpg,339,190,2910,1790,pfe
/content/keras-retinanet/images/00000612.jpg,391,45,500,177,pfe
/content/keras-retinanet/images/00000529.jpg,608,152,712,226,pfe
/content/keras-retinanet/images/00000713.jpg,13,54,379,344,pfe
/content/keras-retinanet/images/00000170.jpg,166,122,1028,676,pfe
/content/keras-retinanet/images/00000490.jpg,56,93,571,331,pfe
/content/keras-retinanet/images/00000783.jpg,93,151,127,175,pfe
/content/keras-retinanet/images/00000783.jpg,258,164,293,187,pfe
/content/keras-retinanet/images/00000213.jpg,262,44,756,430,pfe
/content/keras-retinanet/images/00000764.jpg,187,458,551,656,pfe
/content/keras-retinanet/images/00000688.jpg,27,25,66,55,pfe
/content/keras-retinanet/images/00000210.jpg,247,607,2692,1851,pfe
/content/keras-retinanet/images/00000360.jpg,89,126,113,143,pfe
/content/keras-retinanet/images/00000387.jpg,191,207,319,317,pfe
/content/keras-retinanet/images/00000691.jpg,102,166,261,232,pfe
/content/keras-retinanet/images/00000691.jpg,881,1,1280,261,pfe
/content/keras-retinanet/images/00000670.jpg,157,350,253,417,pfe
/content/keras-retinanet/images/00000369.jpg,24,53,897,803,pfe
/content/keras-retinanet/images/00000022.jpg,487,254,626,343,pfe
/content/keras-retinanet/images/00000767.jpg,109,12,542,272,pfe
/content/keras-retinanet/images/00000014.jpg,33,79,66,103,pfe
/content/keras-retinanet/images/00000014.jpg,281,139,313,162,pfe
/content/keras-retinanet/images/00000014.jpg,34,318,70,341,pfe
/content/keras-retinanet/images/00000014.jpg,281,378,315,399,pfe
/content/keras-retinanet/images/00000050.jpg,78,3,1181,717,pfe
/content/keras-retinanet/images/00000163.jpg,75,134,1200,700,pfe
/content/keras-retinanet/images/00000408.jpg,234,8,490,203,pfe
/content/keras-retinanet/images/00000575.jpg,95,54,719,420,pfe
/content/keras-retinanet/images/00000712.jpg,93,38,281,161,pfe
/content/keras-retinanet/images/00000100.jpg,40,221,66,239,pfe
/content/keras-retinanet/images/00000100.jpg,195,234,221,251,pfe
/content/keras-retinanet/images/00000100.jpg,353,227,380,244,pfe
/content/keras-retinanet/images/00000019.jpg,1,1,391,235,pfe
